,헤드라인,내용,날짜,자치구,법정동
0,"노원구 상계동 154-3번지 일대, 조합직접설립 추진",서울 노원구 상계동154-3번지 일대 주택정비형 재개발사업이 정비구역 지정 고시에 따라 조합설립 절차에 들어간다. 토지등소유자는 오는 2026년 11월까지 ...,2025.12.09,노원구,상계동
1,"성북1구역, GS-LH 손잡고 공공재개발...80m 단차 극복 특화설계",성북1구역이 GS건설과 LH의 손을 잡고 '자이 비원'으로 단지 생활의 시작을 알렸다.GS건설은 LH가 사업시행자로 참여하는 공공재개발사업인 '성북1구역 재 ...,2025.12.05,성북구,전체
2,정릉·수유·답십리·중화2·창전·성현동 모아타운 지정..8478세대 주택 공급,"서울시가 성북·강북·동대문·중랑·마포구 등 모아타운 6개 지역을 확정했다. 노후 저층 주거지 정비를 통해 총 8,478세대 규모의 주택을 공급한다.시는 ...",2025.12.03,성북구,전체
3,서울 강동역 역세권 활성화...818세대 복합단지로 탈바꿈,서울 5호선 강동역 일대에 총 818세대 규모의 공동주택과 판매 및 복지시설을 갖춘 복합시설이 세워진다.서울시는 지난 24일 열린 제10차 정비사업 통합심 ...,2025.10.27,강동구,전체
4,"노원구 상계5구역 재정비 현장 찾은 오세훈 ""인허가 절차·갈등해결에 힘 보탤 것""",서울시가 강북 지역 노후 주거지 재정비 사업 지원에 나선다. 오세훈 서울시장은 지난 24일 오전 국민의힘 지도부와 함께 노원구 상계5 재정비촉진구역 ...,2025.10.25,노원구,전체
5,"천호8구역, 520세대 규모 주거복합단지로 재개발...2027년 착공",서울 강동구 천호동 교통 요충지에 주거복합단지가 들어선다.서울시는 최근 열린 제9차 정비사업 통합심의위원회에서 ‘천호8 재정비촉진구역 도시정 ...,2025.10.01,강동구,천호동
6,"강동구, 매월 넷째 주 수요일 '정비사업 자문의 날'로 운영",서울 강동구는 9월부터‘정비사업 자문의 날’을 운영한다고 28일 밝혔다.정비사업은 도시환경 개선과 주거환경 향상을 위한 중요한 사업이나 관련 법 ...,2025.08.28,강동구,전체
7,"강동구, 천호·성내동 촉진지구 일부 해제...정비사업 탄력",서울 강동구 천호동·성내동 일대 정비사업이 탄력을 받는다. 최근 서울시가 해당 지역에 대한 재정비촉진계획 변경안을 가결하면서 민간개발 여건이  ...,2025.07.17,강동구,천호동
8,강동구 천호·성내동 재정비촉진계획 변경...노후 상업·주거지역 개발 활성화,서울시가 제6차 도시재정비위원회에서 '천호 재정비촉진지구' 내 존치관리구역을 촉진지구에서 해제하는 '천호재정비촉진지구 변경 및 촉진계획 변경 ...,2025.07.06,강동구,성내동
9,"강동구, 재건축·재개발 정비사업 아카데미 운영",서울 강동구는재개발·재건축 등 정비사업에 관심 있는 조합원과 주민들을 대상으로 ‘2025년 강동구 정비사업 아카데미’를 운영한다고 13일 밝혔다.강 ...,2025.06.13,강동구,전체
10,"서울 달동네 백사마을, 16년 만에 재개발...3178가구·2029년 준공 목표",서울 대표 달동네인 노원구 백사마을이 16년만에 재개발 사업을 추진한다. 서울시는 지난 4월 통합심의를 통해 정비계획을 확정하고 5월 8일부터 철거에 ...,2025.06.03,노원구,전체
11,"김태수 서울시의원, 성북구 재개발·모아타운 점검 ","서울 성북구에서 다양한 정비사업이 추진 중인 가운데 지분쪼개기 우려 해소, 기반시설 미확보 문제, 사업 지연 등의 문제 해결을 위한 관계자 회의가  ...",2025.05.08,성북구,전체
12,천호동 3-1구역 재개발...공공성·주민편의 강화,서울 강동구 천호동 214-19번지 일대(천호동 3-1구역)가 신속통합기획 정비사업을 통해 643가구 규모의 단지로 탈바꿈한다.서울시는 '도시계획위원회 신속 ...,2025.05.07,강동구,천호동
13,"‘북서울 센터마크’로...DL이앤씨·현대건설 컨소, 장위9구역 재개발 수주",서울 성북구 장위뉴타운 내 2270가구 규모의 랜드마크 단지가 세워진다. 지난 26일 장위9구역 주민 총회에서 시공사로 선정된 DL이앤씨와 현대건설 컨소시 ...,2025.04.28,성북구,전체
14,"60년 만에 재개발...노원 백사마을, 3,178가구로 탈바꿈",서울시는 제3차 정비사업 통합심의위원회에서 중계본동 재개발 마포로4구역 제1지구 재개발 관수동제8지구 재개발 신안빌라 재건축 등 4건의 정비계획 ...,2025.04.25,노원구,전체
15,"강동구, 천호3구역 재건축사업 적기 준공토록 지원",서울 강동구 천호3구역재건축사업(e편한세상 강동 프레스티지원)이 2026년 1월 준공을 목표로 사업을 추진 중인 가운데 강동구는 적기 준공을 위해 전담 ...,2025.04.07,강동구,전체
16,"강동구, ""명일동 일대 재건축 원활히 추진토록 지원""",서울 강동구청 관계자들이 명일동 일대 재건축 추진 단지 주체들과 만나 정비사업 현안과 진행사항을 공유했다.강동구는 지난 11일 명일동 삼익그린2차 ...,2025.03.19,강동구,명일동
17,"장위12구역, 도심 공공주택 복합지구 지정..1386가구 공급",서울 성북구 장위12구역이 도심 공공주택 복합지구로 지정됐다.도심 공공주택 복합사업은 주택 공급 확대를 위해 공공이 주도적으로 추진하는 사업이다 ...,2025.03.19,성북구,전체
18,"롯데건설·GS건설 컨소, 상계5구역 재개발 수주",롯데건설·GS건설 컨소시엄은 7094억 원 규모의 서울 노원구 상계5구역 재개발사업을 수주했다고 17일 밝혔다. 상계5재정비촉진구역 주택재개발정비사업 ...,2025.03.17,노원구,전체
19,서울 성북 석관동·용산 원효로4가 모아타운 심의 통과...3940가구 공급,서울시 성북구 석관동과 용산구 원효로4가 일대 모아타운에 총 3940가구(임대 660가구) 규모의 주택이 공급될 예정이다.서울시는 지난 13일 제3차 소규모주 ...,2025.02.14,성북구,석관동
20,"하계미성아파트 재건축 추진준비위, 22일 주민설명회 개최",서울 노원구 하계동 280 일원 하계미성아파트 재건축 추진 준비위원회는 오는 22일 오후 3시 영화교회에서 재건축 주민설명회를 개최한다.5일 정비업계에 ...,2025.02.05,노원구,하계동
21,올림픽파크포레온 단지 내 도시형캠퍼스 설립 추진,서울 강동구 올림픽파크포레온과 고덕강일3지구에 교육시실이 들어설 것으로 보인다.강동구는 5일 고덕강일3지구 (가칭)서울강솔초등학교 강현캠퍼스 ...,2025.02.05,강동구,전체
22,"상계주공14단지 재건축예비추진위, 설명회 개최",서울시 노원구 상계동 721번지 일대 상계주공14단지 재건축예비추진위원회는 오는 22일 오후 2시 노원구청 6층 소강당에서 재건축 설명회를 개최한다.4일 ...,2025.02.04,노원구,상계동
23,노원구 재건축·재개발 신속추진 포럼 개최,서울 노원구는 속도감 있는 정비사업 추진을 위해 '노원구 재건축․재개발 신속추진 포럼'을 운영한다고 14일 밝혔다.포럼은 오는 15일 18시 30분 노원평 ...,2025.01.14,노원구,전체
24,"강동구, 재건축·재개발 공동주택 행위허가·신고 제도 개선",서울 강동구는 관내 재건축·재개발 공동주택 행위허가 및 신고 제도를 이전고시 전에도 가능하도록 개선했다고 6일 밝혔다.천호뉴타운 1구역 재개발‘ ...,2025.01.06,강동구,전체
25,"성북구 하월곡1구역 재개발, 공원·학교 둔 1900가구 조성",서울 성북구 하월곡1구역 주택정비형 재개발사업이 공원과 학교를 사이에 둔 1900가구 규모의 대단지로 탈바꿈한다.서울시는 최근 도시계획위원회 신속 ...,2025.01.02,성북구,전체
26,"대우건설, ‘삼익맨숀 재건축’ 수주...써밋 이스티지로 탈바꿈",대우건설이 삼익맨숀아파트 재건축 사업을 수주했다.지난 16일 삼익맨숀아파트 재건축정비사업 조합은 시공사 선정 총회를 열었다. 조합은 서울 강동구 ...,2024.12.17,강동구,전체
27,"상계주공10단지, 정밀안전진단 통과.. 재건축 준비위, 사업 속도 낸다",서울 노원구 상계주공10단지가 정밀안전진단을 통과하며 재건축 사업 추진에 속도를 낸다.노원구청은 지난 3일 상계주공10단지 재건축 추진 준비위원회 ...,2024.12.06,노원구,전체
28,"강동구, 둔촌주공 재건축 올림픽파크포레온 준공 인가..27일 입주 시작",서울 강동구는 25일자로 올림픽파크포레온 아파트와 상가 등 부대복리시설에 대해 준공 인가 처리했다고 밝혔다.올림픽파크포레온은 서울강동구 둔촌 ...,2024.11.25,강동구,전체
29,"서울 월계동 미성·미륭·삼호아파트, 6700가구 규모로 재건축","서울 노원구 광운대역 물류부지 복합개발에 발맞춰 월계2지구(미성, 미륭, 삼호아파트)가 6700가구 규모로 재건축된다.서울시는 제 15차 도시·건축공동위 ...",2024.11.14,노원구,월계동
30,"시흥1동·상계동·온수동 '사업성 보정계수' 첫 적용...""세대수 증가""",서울시는 금천구 시흥1동 871번지 일대 주택재개발 노원구 상계동 154-3번지 일대 주택재개발 구로구 온수동 대흥·성원·동진빌라 재건축 사업에 대한 정 ...,2024.11.07,노원구,상계동
31,노후된 강동지역자활센터 15년 만에 리모델링,서울 강동구는 노후된 ‘강동지역자활센터’(구천면로 189)에 대한 두 달간의 새 단장을 마치고 최근 재개관했다고 7일 밝혔다.강동지역자활센터는 근로 ...,2024.11.07,강동구,전체
32,"둔촌주공 재건축 기부채납, '둔촌1동 주민센터' 임시 운영",서울 강동구는 11월 말올림픽파크포레온(옛 둔촌주공아파트 재건축) 입주를 앞두고 둔촌1동주민센터(양재대로84길 31)를 임시 운영 중이라고 29일 밝혔다 ...,2024.10.29,강동구,전체
33,"이종태 서울시의회 예산정책위원장, 주민 중심 재건축 제도 개선 방안 모색","주민 중심의 재건축 제도 개선 방안을 모색하는 토론회가 열렸다.서울특별시의회 예산정책위원회 이종태 위원장(국민의힘, 강동2)은 25일 서울시의회 제 ...",2024.10.29,강동구,전체
34,둔촌주공 재건축 공사 재개..기반시설·조경 공사비 분쟁 타결 ,"기반시설, 조경 공사비 갈등을 빚어 공사가 멈췄던 서울 강동구 둔촌동 '올림픽파크포레온' 건축 사업이 25일 재개됐다.25일 정비업계에 따르면 둔촌주공 ...",2024.10.25,강동구,둔촌동
35,"오승록 노원구청장, ""재건축·재개발로 주거환경 개선""",서울 노원구는 오승록 구청장이 지난 17일 노원평생교육원 2층 강당에서 열린 ‘재건축·재개발 신속추진 포럼’에 참석했다고 21일 전했다.노원구는 지 ...,2024.10.21,노원구,전체
36,'미리내집' 올림픽파크오레온 사전점검,서울시는 신혼부부를 위한 장기전세주택 '미리 내 집' 1호 아파트인 서울 강동구 둔촌동 올림픽파크포레온에서 오세훈 시장과 입주자가 사전점검에 나 ...,2024.10.17,강동구,둔촌동
37,서울 노원구 하계5·상계마들단지 공공주택 1699가구로 재건축,서울시는 지난 24일 제7차 공공주택통합심의위원회를 열고 서울시 노후임대재정비사업 선도사업 지인 ‘노원구 하계5단지 및 상계마들단지 재정비사업 ...,2024.09.25,노원구,전체
38,"서울 강동구 천호 A1-1구역, 40층 747가구로 재개발",서울 강동구 천호 A1-1구역이 지하 3층 ~ 지상 40층 747가구(임대 267가구)로 재개발된다.서울시는11일 제9차 도시계획위원회 신속통합기획 정비사업 등 수권 ...,2024.09.12,강동구,전체
39,"HDC현산, 광운대 역세권 주택건설사업계획 승인받아...11월 착공 목표",HDC현대산업개발은 노원구로부터 광운대 역세권 개발사업의 주택건설사업계획을 승인받았다고 30일 밝혔다. 이에 따라 11월 착공을 목표로 개발에 속도 ...,2024.08.30,노원구,전체
40,"서울시, 노·도·강 정비사업 현안 논의","서울시는 최근 노원구, 도봉구, 강북구 등 일명 노·도·강 구청장과 함께 정비사업 현안을 논의하고 애로사항을 청취했다.시는 지난 14일 오후 강북구청 ...",2024.08.19,노원구,전체
41,둔촌주공 재건축 단지에 병설유치원 신설,서울시강동송파교육지원청은 둔촌주공을 재건축해 짓는 '올림픽파크포레온'에 서울둔촌초등학교병설유치원 신설을 확정했다고 6일 전했다.교육부 중 ...,2024.08.06,강동구,전체
42,"서울 강동구, 길동역 역세권 활성화...192가구 규모 공동주택 건립",서울 강동구는 지난 24일 열린 제11차 서울시 도시·건축공동위원회에서 길동 368-5번지(구 SK주유소 부지) 일대의 ‘역세권 활성화사업 지구단위계획구역 ...,2024.07.25,강동구,길동
43,서울 정릉동·암사동 모아주택 통합심의 통과...408가구 공급,서울시는 18일 소규모주택정비 통합심의 소위원회에서 성북구 정릉동 218-1 일대와 강동구 암사동 495 일대 모아주택 통합심의를 통과시켰다고 19일 밝혔 ...,2024.07.19,강동구,암사동
44,"5호선 강동역 일대, 43층 818가구 규모로 복합개발",서울 강동구 성내동 19-1번지 일대가 43층 818가구 규모로 복합개발된다.서울시는지난 17일 제10차 도시계획위원회를 개최하고 강동역 역세권활성화사업  ...,2024.07.18,강동구,성내동
45,"서울 노원구 상계10단지 재건축, 정밀안전진단 신청 완료",서울시 노원구 상계주공10단지 재건축이 정밀안전진단 신청을 완료했다.상계주공10단지는 2021년 예비안전진단 통과 후 2023년 12월 한국토지신탁을 예비 ...,2024.06.24,노원구,전체
46,서울 강동구 '정비사업 아카데미' 진행,"서울 강동구는 강동구청 대강당에서 '강동구 정비사업 아카데미'를 운영하고 있다.정비사업 아카데미는 재건축, 재개발 및 소규모 정비사업에 대한 이 ...",2024.06.20,강동구,전체
47,"서준오 시의원, ""노원 하계5단지 재정비사업, 고품질 임대주택 무색하게 지원 철회""",서울 노원구 하계5단지 재정비사업과 관련 '고품질 임대주택'을 공급하겠다는 오세훈 시장 말과는 무색하게 시비 지원이 철회된 것으로 알려진다.서울 ...,2024.06.14,노원구,전체
48,"둔촌주공 내 중학교 무산 우려...서울교육청 ""도시형 캠퍼스 검토 중""","11월 입주를 앞둔 서울 강동구 둔촌동 ‘올림픽파크포레온’(둔촌주공 아파트 재건축) 내 학교 신설 무산 가능성이 점쳐진 가운데 서울시교육청은 "" ...",2024.06.12,강동구,둔촌동
49,"서울 성북구 종암동 3-10일대, 신통기획 확정","서울시 성북구 종암동 3-10일대 재개발사업 후보지의 신속통합기획이 확정됐다.이 지역은 노후한단독·다세대주택이 혼재돼 있고, 불법 주정차 차량과  ...",2024.06.12,성북구,종암동
50,"구릉지 노후 주거지 탈바꿈...서울시, 성북1 공공재개발, 2086가구 공급",개발이 어려웠던 구릉지 노후 주거지가 2086가구 규모의 아파트로 탈바꿈한다.서울시는지난 5일 「제5차 도시계획위원회 신속통합기획 정비사업 등 수권 ...,2024.06.07,성북구,전체
51,"둔촌주공 단지 내 중학교 무산 위기...이수희 구청장 ""재검토"" 촉구",서울 강동구 둔촌동 ‘올림픽파크포레온’(둔촌주공 아파트 재건축)이 11월 입주를 앞둔 가운데 단지 내 학교 신설 무산 가능성과 관련 강동구가 서울시 ...,2024.06.05,강동구,둔촌동
52,"서울 성북구 정릉동·금천구 시흥동, 모아주택 통합심의 통과","서울시는 성북구 정릉동 545-12 일대, 금천구 시흥동 230-4 일대 모아주택 2개소 통합심의가 통과됐다고 4일 밝혔다. 두 모아주택에는 총 158가구 규모의 주 ...",2024.06.04,성북구,정릉동
53,"대우건설, 장위6구역 재개발 '푸르지오 라디우스 파크' 6월 분양",대우건설은 6월 말서울특별시 성북구 장위동 25-55번지 일원 장위뉴타운(장위재정비촉진지구) 6구역을재개발해 지은 ‘푸르지오 라디우스 파크’를 분양 ...,2024.06.04,성북구,장위동
54,'서울 마지막 달동네' 성북구 '정릉골' 이주 본격화,서울의 마지막 달동네로 불렸던 정릉골이 역사 속으로 사라진다.서울 성북구는 정릉골구역 주택재개발정비사업 이주가 본격화된다고 29일 밝혔다.성북 ...,2024.05.29,성북구,전체
55,"서울 노원구 창동차량기지, 노원미래발전기지로 재탄생",오승록 서울 노원구청장은 ‘창동차량기지 일대 S-DBC(Seoul-Digital Bio City) 기업설명회’에 참석해 창동차량기지를 노원미래발전기지로 재탄생 시키겠다는 ...,2024.05.28,노원구,전체
56,"용산 HDC현산 본사, 광운대역 물류부지로 이전하나","HDC현대산업개발이 서울 노원구 광운대역 물류부지로 본사를 이전할 것으로 보인다.서울시는 22일 노원구, HDC현산과 광운대역 물류부지 동북권 신(新)생 ...",2024.05.22,노원구,전체
57,광운대역세권 성북맨션 재건축...장기전세주택 포함 219가구로 개발,서울시는 지난 8일 제 6차 도시·건축공동위원회를 열고 노원구 월계동 383-40번지 일대 '광운대역세권' 장기전세주택 건립사업을 위한 지구단위계획구역 ...,2024.05.10,노원구,월계동
58,"""둔촌주공 재건축 11월 준공 총력""...강동구 대책 마련","서울 강동구는둔촌주공아파트 주택재건축정비사업(올림픽파크포레온)의 적기 준공을 위해 조합, 건축관계자, 구청, 외부전문가 등이 모여 종합대책회 ...",2024.05.08,강동구,전체
59,서울 성북구 장위15구역 재건축...3300가구 아파트 들어선다,서울시는 7일 제3차 서울특별시 도시재정비위원회를 열고 장위재정비촉진지구 내 장위15재정비촉진구역에 대한 재정비촉진계획 변경(안)을 '수정가결' ...,2024.05.08,성북구,전체
60,서울 '마지막 달동네' 백사마을 재개발 관리처분계획인가,"서울 마지막 달동네인 노원구 중계본동 104번지 일대 '백사마을'이 최고 20층, 2,437세대 규모의 단지로 재탄생한다.15일 노원구는한국부동산원으로부터 관 ...",2024.03.15,노원구,전체
61,"김태수 서울시의원, 공공재건축 1호 광진구 중곡아파트 방문","서울특별시의회 주택공간위원회 김태수 부위원장(국민의힘, 성북구 제4선거구)은 지난 7일 서울시 광진구 소재 공공재건축 1호 사업지인 중곡아파트를 ...",2024.02.08,성북구,전체
62,서울 성북구 석관동 62-1일대 재개발...39층 1500세대 규모,서울시 성북구 석관동 62-1일대 재개발 신속통합기획이 확정됐다. 대상지는 노후주택이 밀집한(20년 이상 건축물 약 96%) 저층 주거지로 보행자와 차량이 ...,2024.01.22,성북구,석관동
63,"SH공사, '장위8구역 공공재개발' 사업시행자 지정","서울주택도시공사(SH)가 장위8구역 공공재개발사업 시행자로 지정됐다.장위8구역은 정비사업을 통해서울 성북구 장위동 85번지 일대 121,634㎡를 용적률  ...",2024.01.12,성북구,장위동
64,"서울 노원구, 재건축·재개발 신속추진 포럼 운영",서울 노원구는 속도감 있는재건축·재개발 추진을 위해 '신속추진 포럼'을 운영한다고 10일 밝혔다.노원구는 서울 25개 자치구 중 준공 30년 이상된 아파 ...,2024.01.10,노원구,전체
65,서울 강동구 천호동 214-19 일대 신통기획 확정,"서울시는 강동구 천호동 214-19번지 일대 재개발 사업(천호3-1구역)의 신속통합기획을 확정했다고 9일 밝혔다. 23층, 634세대로 공급된다. 천호 3-1, 3-2, 3-3 구 ...",2024.01.09,강동구,천호동
66,"장위10구역, 알박기 '사랑제일교회' 빼고 재개발 확정",전광훈 교회로 알려진 사랑제일교회를 빼고(제척) 장위10구역이 재개발을 진행한다.서울시는 21일 제12차 서울특별시 도시재정비위원회를 열고 성북구  ...,2023.12.22,성북구,전체
67,"서울 강동구, ""둔촌주공 재건축 적기 준공토록""...대책회의 개최","서울 강동구는 둔촌주공아파트 재건축 사업의 적기 준공을 위한 종합대책회의를 가졌다고 15일 밝혔다.14일 진행된 회의에는 둔촌주공조합, 건축관계자 ...",2023.12.15,강동구,전체
68,서울 강동 천호동 A1-1 40층 747세대·A1-2 40층 781세대 공급,서울시는 천호동 저층주거지가 한강뷰 단지로 변모한다고 14일 밝혔다.천호 A1-1구역은 A1-2구역과 연계된 통합 계획으로 조화로운 단지를 조성한다.시는 ...,2023.12.14,강동구,천호동
69,서울 강서‧강동‧관악 등 6곳 모아타운 심의 통과,"재개발이 어려웠던 서울 강서구 화곡동, 강동구 둔촌동 일대가 모아타운 심의를 통과하며 양질의 주택 공급이 가능해졌다.서울시는 최근제2차 소규모주 ...",2023.12.12,강동구,둔촌동
70,서울 동대문 답십리·서대문 홍제동 모아타운 선정,"서울시 동대문구 답십리동, 서대문구 홍제동이 모아타운 대상지로 선정됐다.서울시는 전날(4일) 제5차 모아타운 대상지 선정위원회를 열고강동구 천호 ...",2023.12.05,강동구,전체
71,"서울 성북구 장위14구역 건축심의 통과, 2469세대 공급",서울시는 제21차 건축위원회를 열고 장위14재정비촉진구역 주택정비형 재개발사업 신림동 미성아파트 주택정비형 재건축사업 화양동 489번지 역세권 장 ...,2023.11.29,성북구,전체
72,"서울시, 구로·성북·중랑구 모아타운 선정","서울시 구로구 구로동, 성북구 석관동, 중랑구 망우3동·묵2동 등 총 4곳이 저층주거지 정비방식 ‘모아타운’ 대상지로 선정됐다. 함께 신청한 강북구  ...",2023.11.28,성북구,석관동
73,"서울 노원 상계주공5단지, GS건설 시공사 계약 해지",서울 노원구 상계주공5단지가 세대당 분담금 증가와 긴 공사기간 등을 이유로 GS건설 과 계약을 해지했다. GS건설은 사업비용에 대한 소송 절차를 검토  ...,2023.11.28,노원구,전체
74,서울시 신속통합기획 후보지로 전농동·성북동·망원동 선정,"서울시는 6차 신속통합기획 민간재개발 후보지로 전농동 152-65일대, 성북동 3-38일대, 망원동 416-53일대를 선정했다고 23일 밝혔다.서울시는 선정기준(안) ...",2023.11.23,성북구,성북동
75,장위8‧9구역 재정비촉진계획 통과..5000여세대 주택 공급,서울 성북구 장위8·9구역이 5000여세대 주택단지로 변모한다.서울시는 지난 1일 제2차 도시재정비위원회 수권소위원회를 열고 장위8구역인 성북구 장위 ...,2023.11.02,성북구,전체
76,서울 노원구 공릉2택지개발지구에 복합문화시설 조성,서울 노원구 공릉2택지개발지구에 공공도서관 및 문화·체육시설이 포함된 복합문화시설이 들어선다.서울시는 전날 제14차 도시·건축공동위원회를 개 ...,2023.09.14,노원구,전체
77,"서울시 면목동·종암동 일대, 신통기획 재개발 후보지 선정","서울 중구 면목동 172-1일대(47,798㎡)·성북구 종암동 125-35일대(31,295㎡)일대가 신통기획 재개발 후보지로 선정됐다.서울시는 17일 3차 신속통합기획 민간재 ...",2023.08.18,성북구,종암동
78,장위10구역 '사랑제일교회'빼고 재개발 추진..32층 2004가구 규모,장위10구역재개발조합이 사랑제일교회를 제척하고 재개발사업을 추진하는 안을 확정했다.조합은 지난 8일 오후 서울 성북구에 위치한 아리랑힐호텔에 ...,2023.08.09,성북구,전체
79,서울 노원구 ‘중계동 백사마을’ 재개발 속도,"서울 마지막 달동네로 불리는 노원구 중계동 백사마을의 관리처분인가 신청이 전체회의에서 의결됐다.서울시의회 서준오 의원(더불어민주당, 노원4)은 ...",2023.08.01,노원구,중계동
80,"서울 강동 고덕현대, 50층 내외 940세대 신통기획 확정",서울시는 강동구 명일동 고덕현대아파트에 대한 신속통합기획을 확정했다고 28일 밝혔다.고덕현대아파트는 1980년대 개발된 고덕택지 명일동 지역의 첫 ...,2023.07.28,강동구,명일동
81,서울 노원 하계동 현대·우성 정밀안전진단 통과...재건축 탄력,서울 노원구 노후 단지들이 정밀안전진단을 통과하며 재건축 사업에 탄력을 받고 있다.4일 정비업계에 따르면 서울시 노원구 하계동 현대·우성아파트 ...,2023.07.04,노원구,하계동
82,"서울 성북구 정릉 공영차고지, 문화·체육시설로 복합개발 계획",서울 성북구 정릉 버스 공영차고지에 문화·체육시설 복합개발이 추진된다.서울시는 지난 달 26일 정릉4동 동주민센터에서 「정릉 공영차고지 문화·체 ...,2023.07.03,성북구,전체
83,"서울 강동 천호동 532-2번지, 24층 568가구로 재개발 ",노후 저층주거지가 밀집한 서울 강동구 천호동 532-2번지(천호3-3구역)가 최고 24층 568가구로 변모한다.서울시는 최근「제2차 도시계획위원회 신속통합기 ...,2023.06.09,강동구,천호동
84,"서울 노원 상계5동 154-3일대, 39층 4300가구로 재개발","서울 노원구 노후 저층 주거지의 신속통합기획이 확정됐다.서울시는 노원구 상계5동 154-3일대는 수락산의 자연경관과 상계역세권의 편의성, 계상초등학 ...",2023.06.05,노원구,전체
85,서울 노원 상계5구역 재정비계획 통과...2042세대 아파트 들어선다,"지하철 4호선 당고개역 역세권에 2028년 지상 33층 높이, 2,042세대 아파트가 들어선다.서울시는 16일 열린 제4차 도시재정비위원회에서 상계5재정비촉진구 ...",2023.05.17,노원구,전체
86,"장위10구역, 사랑제일교회 제척 후 재개발 확정",서울 성북구 장위10구역 주택재개발정비사업 조합이 사랑제일교회를 제척하고 재개발하는데 의견을 모았다. 조합은 10일 오후 아리랑힐 호텔 지상3층에 ...,2023.05.10,성북구,전체
87,"태영건설, 서울 성북구 하월곡2구역 가로주택정비사업 수주 ",태영건설은 서울 성북구 하월곡2구역 가로주택정비사업을 수주했다고 4일 밝혔다.  정비사업을 통해 서울시 성북구 하월곡동 40-89번지 일대는 지하 2 ...,2023.05.04,성북구,하월곡동
88,"김영철 서울시의원, ""목동 1·2·3 단지 주민 재산권 침해 최소화 방안 마련해야""","서울특별시 양천구 목동아파트 1·2·3단지 조건없는 3종 환원 촉구 결의안에 대해 김영철 서울시의원(국민의힘, 강동5)은 지난 20일, 제318회 임시회에서  ...",2023.04.21,강동구,전체
89,"장위10구역 재개발 조합, 교회 제척 후 사업 추진",서울 성북구 장위10구역 주택재개발정비사업 조합이 사랑제일교회를 제척하고 정비사업을 추진한다. 장위10구역 조합은 20일 오전 조합사무실에서 제5 ...,2023.04.20,성북구,전체
90,"장위10구역 재개발 갈등...전광훈 ""언론이 나를 '알박기'한다고""",전광훈 사랑제일교회 목사는 17일 서울 성북구에 위치한 교회에서 긴급 기자회견을 열었다. 이날 국민의힘과의 결별을 선언할 것으로 알려져 관심이 모 ...,2023.04.17,성북구,전체
91,지구 지정 10년만...서울 강동구 천호3구역 25층 535세대 아파트 들어서,"서울 강동구는 천호동 423-76 일대에 위치한 천호재정비촉진지구 천호3구역이 지정 10년 만에 첫삽을 떴다.지하철 5호선 천호역과 강동역, 8호선 암사역  ...",2023.04.10,강동구,천호동
92,"SH공사, 모아타운 공공관리 시범사업 대상지 현장점검","서울주택도시공사(SH)는 서울시의회와 함께 지난 7일 박석 서울시의원과 도봉구 쌍문동, 신동원 시의원과 노원구 월계동 모아타운 일대를 방문, 현장을 ...",2023.04.09,노원구,월계동
93,김원중 서울시의원 “정릉2구역 신통기획 선정을”,"서울특별시의회 문화체육관광위원회 김원중 부위원장(성북2, 국민의힘)은 13일, 정릉2구역(성북구 정릉동 314번지 일대)을 찾고 둘러본 후 신속통합기획 ...",2023.03.14,성북구,정릉동
94,서울 성북 석관동·송파 풍납동 등 6곳 모아타운 공공관리 대상지 선정,"서울 성북구 석관동 334-69 일대·석관동 261-22 일대, 도봉구 쌍문동 524-87 일대·쌍문동 494-22 일대, 노원구 월계1동 534 일대, 송파구 풍납동 483-10 일대 등 6곳 ...",2023.03.08,노원구,석관동
95,서울 노원구 월계1동·상계2동 주민센터서 모아타운 상담,"노원구, 모아타운의 정보를 모아모아 구민들에게 알려드립니다 - 6일부터 주 3회(월,수,금) 13시~ 월계1동, 상계2동 주민센터에서 모아타운 안내상담센터 ...",2023.03.07,노원구,전체
96,강동 천호·노원 상계 모아주택 심의 통과...창의적 디자인 적용,서울시가 창의적인 디자인의 모아주택을 만든다. 시는 최근 소규모주택 수권분과위원회에서 저충주거지 내 창의적 설계를 시도한 '강동구 천호동 321- ...,2023.03.03,강동구,천호동
97,"대보건설, 부천 삼우4차 가로주택정비사업 수주","대보건설은 지난 달 부천시 고강동 삼우4차 아파트 가로주택정비사업을 수주했다고 2일 전했다. 올해 부천 새보미아파트, 삼우3차에 이은 정비사업 수주 ...",2023.03.02,강동구,전체
98,서울시 성북-동대문 일대 이문차량기지 20만㎡ 복합개발,서울시는 성북구 석관동과 동대문구 일대에 위치한 이문차량기지 약 20만㎡의 개발을 위한 용역을 추진한다. 이문차량기지는 한국철도공사(코레일)이  ...,2023.02.23,성북구,석관동
99,"""재건축 안전진단 비용지원 조례개정 촉구""...노원구 주민 서명부 전달",최근 노원구는 재건축 안전진단 비용을 구에서 선 지원하고 준공인가 전 환수토록 하는 내용의 서울시 조례 개정을 촉구했다. 보다 신속한 정비사업을 ...,2023.02.17,노원구,전체
100,서울 성북구 돈암동 역세권에 574세대 아파트 건립 ,서울시는 제1차 도시·건축공동위원회 수권소위원회를 열고 성북구 돈암동 624번지 일원 역세권 주택 및 공공임대주택 건립을 위한 지구단위계획구역 ...,2023.02.07,성북구,돈암동
101,"서울 노원구 하계장미아파트, 안전진단 최종  통과",서울 노원구 하계장미아파트가 안전진단을 최종 통과했다.6일 정비업계에 따르면 지난 3일 노원구는 서울 노원구 하계동 273번지에 위치한 하계장미아파 ...,2023.02.06,노원구,하계동
102,"서울 노원구, '재건축 안전진단 비용지원 조례 제정' 서명운동 돌입","서울 노원구, 주민들과 함께 ‘재건축 안전진단 비용지원 조례 개정’을 위한 서명운동 나서 - 서울시에 재건축 안전진단 비용을 선지원하는 시 조례  ...",2023.01.18,노원구,전체
103,"GS건설, 서울 노원 상계주공5단지 재건축 시공자로 선정",GS건설은 서울 노원구에 위치한 상계주공5단지 재건축사업 시공자로 선정됐다.노원 상계주공5단지재건축사업 조합은 지난 14일 노원구민의전당에서 시 ...,2023.01.17,노원구,전체
104,"대보건설, 부천 새보미아파트 가로주택정비 수주",경기도 부천시 새보미아파트 가로주택정비사업 시공사에 대보건설이 선정됐다.  부천 고강동 397일대에 위치한 새보미아파트는 가로주택정비를 통해 ...,2023.01.16,강동구,전체
105,"노원 상계주공2단지, 정밀안전진단 조건부재건축 통과 ",서울시 노원구 상계주공2단지 아파트가 정밀안전진단을 조건부 통과했다.  28일 정비업계에 따르면 상계주공2단지는 현 안전진단 기준 점수 52.58로 D등 ...,2022.12.28,노원구,전체
106,"‘재건축 정밀안전진단 비용지원’ 조례, 서울시의회 보류 결정","서상열(구로1), 서준오(노원4), 최재란(비례), 허훈(양천2) 서울시의원은 재건축 정밀안전진단 비용지원 조례에 서울시 주택정책실이 부정적이라며 유감 ...",2022.12.21,노원구,전체
107,GS건설 길동 신동아1·2차 재건축 ’강동 헤리티지 자이’ 견본주택 개관,GS건설은 ‘강동 헤리티지 자이’ 견본주택을 오는 15일 개관하고 분양에 나선다고 밝혔다.  ‘강동 헤리티지 자이’는 서울시 강동구 길동 160번지 일 ...,2022.12.14,강동구,길동
108,"길음5구역 최고 30층, 808세대로 재정비",서울시 제9차 도시재정비위원회에서 성북구 정릉동 175번지 일대 '길음5재정비촉진구역 재정비촉진계획 변경(안)'이 조건부 가결됐다고 7일 밝혔다. 이 ...,2022.12.07,성북구,정릉동
109,"재개발·재건축 걸림돌, 시공자 선정시기...합리적 대안은?","서울특별시의회 주택공간위원회 김태수 부위원장(국민의힘, 성북구 제4선거구)은 오는 9일 오후 2시 서울시의회 제7-3회의실에서 ‘재개발·재건축 활성 ...",2022.12.06,성북구,전체
110,강동 삼익파크아파트 시공사에 대우건설,"대우건설은 서울시 강동구 길동에 위치한 삼익파크아파트 재건축정비사업의 시공사로 선정되며 올해 도시정비사업부문 수주액 5조원을 돌파, 작년 한 ...",2022.12.05,강동구,길동
111,둔촌주공 12월 5일 청약...59㎡만 중도금대출가능,서울 강동구 둔촌주공아파트 재건축으로 세워지는 올림픽파크포레온에서 입주자 모집공고를 내고 분양에 돌입했다.  둔촌주공에 따르면 12월 5일 특별 ...,2022.11.25,강동구,전체
112,"쌍용건설, 강동구 명일현대아파트 리모델링 수주",서울시 강동구 명일현대아파트 리모델링조합은 지난 19일 총회를 개최하고 쌍용건설을 시공사로 선정했다.   준공 35년(1988년)이 된 명일현대아파트는 ...,2022.11.22,강동구,전체
113,"둔촌주공 재건축 3.3㎡당 3,829만원...전용 84㎡ 13억원선","서울 강동구 둔촌주공아파트 재건축 단지의 3.3㎡당 일반분양가가 3,829만원으로 결정됐다.  정비업계에 따르면 강동구청은 분양가 상한제 심의위원회 ...",2022.11.16,강동구,전체
114,노원 월계동 500 일원 모아타운 주민설명회 개최,하반기 모아타운 대상지에 포함된 월게동 500 일원 주민들을 대상으로 사업 및 공공지원 설명회가 열렸다.   서울특별시의회 주택공간위원회 신동원  ...,2022.10.28,노원구,월계동
115,"30년 노후아파트 최다 노원구, 재건축‧재개발 신속지원 체계 구축",서울시 노원구는 30년 노후 아파트 재건축을 위한 신속지원 체계를 구축한다고 5일 밝혔다.  구에는 30년이 지난 재건축 안전진단 대상 아파트가 42개 단 ...,2022.09.05,노원구,전체
116,강동역 역세권에 최고 43층 1118세대 주상복합 건립,"서울 강동구 성내동 19-1번지 일대, 강동역 역세권에 공동주택 294가구와 오피스텔 824실 총 1118세대 규모의 주상복합이 들어선다.  서울시는 지난 2019년 ...",2022.08.20,강동구,성내동
117,서준오 서울시의원 “오세훈 시장의 즉흥적 하계5단지 재건축 결정에 주민 혼란”,"서준오 서울시의원(더불어민주당, 노원4)은 오세훈 시장의 노원구 하계5단지 고밀도 재건축 정책방향에 대해 “주민 의견수렴 등의 절차에 따라 신중히 ...",2022.08.04,노원구,전체
118,"노원구 하계5단지, 재건축 추진...용적률 435%",서울 시내 노후 임대주택단지가 재건축되어 고품질의 임대주택으로 공급될 전망이다. 첫 사례로 서울 노원구 하계5단지에 대한 재건축이 추진될 것으 ...,2022.08.02,노원구,전체
119,"월계동재건축 지역 세입자들, 방치된 쓰레기에 골머리",서울 노원구 월계동재건축정비사업 구역에 거주 중인 세입자들이 골목에 방치된 쓰레기로 조합 등과 갈등을 빚고 있다.  조합은 이주가 완료된 빌라  ...,2022.08.01,노원구,월계동
120,"DL건설, 서울 석관1-7구역 가로주택정비사업 수주",DL건설이 ‘서울 석관1-7구역 가로주택정비사업’을 수주했다. 총 공사비는 약 643억원(VAT 제외)이다. 사업을 통해 서울시 성북구 석관동 332-46번지 일원 ...,2022.07.29,성북구,석관동
121,둔촌주공 새 집행부 꾸려 공사 재개 예정,"둔촌주공 재건축 공사가 재개될 것으로 보인다.  정비업계에 따르면 전날(28일) 강동구청, 둔촌주공재건축조합, 조합 정상화위원회, 시공사업단(현대건 ...",2022.07.29,강동구,전체
122,서울 성북구 노후주거지 재개발 규제 완화,서울 성북구 저층주거단지 재개발 규제가 완화됐다.  시는 전날(22일) 제4차 도시·건축공동위원회 수권소위원회에서 성북구 성북동 지구단위계획 재 ...,2022.06.23,성북구,성북동
123,서울시-강동구청 '삼익그린2차 재개발' 운영실태 점검 예정,강동구청은 삼익그린2차아파트 재개발 조합에 대해 서울시에 실태 점검을 요청할 계획이라고 밝혔다.  삼익그린2차 조합은 조합원들과의 갈등으로 사 ...,2022.06.16,강동구,전체
124,"롯데건설, 공사비 2,656억 '서울 돈암6구역 재개발 사업' 수주",롯데건설(대표이사 하석주)이 돈암6구역 주택재개발 정비사업 시공사로 선정됐다. 조합은 지난 달 28일 서울 성북구 성북구민회관 시공자 선정 총회를  ...,2022.06.03,성북구,전체
125,서울 강동 '천호3-2구역' 신통기획 재개발 진행,"노후 저층주거지인 서울 강동구 천호동 397-419번지 일대가 '신속통합기획'을 통해 총 420세대(공공주택 77세대), 최고 23층의 아파트 단지로 변모한다. 서 ...",2022.05.25,강동구,천호동
126,둔촌주공 해법 마련되나...정부·지자체 합동점검 실시,"둔촌주공재건축 사업이 한 달 넘게 중단된 가운데, 국토교통부, 서울시, 강동구는 합동점검반을 꾸려 5월 23일부터 6월 3일까지 둔촌주공 조합 운영실태 ...",2022.05.23,강동구,전체
127,"삼익그린2차 재개발, ‘대규모 수선 안건 상정’ 변수되나",[인리넷언론인연대 취재본부 편집 김아름내 이자] 서울 강동구 명일동재건축 사업이 이루어질 ‘삼익그린2차’ 입주자대표회의가 수억 원 규모로 추산 ...,2022.05.17,강동구,명일동
128,"삼익그린2차 재건축 조합, 정비업계 전문가 초청 설명회 개최",서울 강동구 명일동 삼익그린2차 재건축 조합이 입장차를 보이고 있는 조합원들과 오해를 풀고 사업의 성공을 위한 첫 단추를 잘 꿰고 싶다는 의지를 보 ...,2022.05.07,강동구,명일동
129,"삼익그린2차재건축사업, 상가소유자가 아파트 분양받는다?...조합 적극 해명",[취재  인터넷언론인연대 취재본부 편집 이재상 기자] 서울 강동구 명일동에 위치한 삼익그린2차 재건축사업에서 상가소유주들이 집행부를 장악해 아 ...,2022.05.04,강동구,명일동
130,서울형 임대주택 이렇게 바뀐다...60㎡ 이상·최신 인테리어 반영,서울에서 고품질의 임대주택이 공급될 전망이다.  오세훈 서울시장은 18일 재정비를 앞둔 ‘하계5단지(서울 노원구 하계동 272 일원)’에서 ｢서울 임대 ...,2022.04.18,노원구,하계동
131,‘둔촌 주공’ 공사 중단에 따른 조합원 손실은 누구 책임인가?,[취재  인터넷언론인연대 취재본부 은태라 기자  편집 김아름내 기자]  서울 강동구 둔촌주공아파트(올림픽파크 포레온) 재건축 사업이 17일 부터 중 ...,2022.04.15,강동구,전체
132,"서울 장위14구역, 2,500세대 규모 아파트 들어선다",서울시는 제3차 도시재정비위원회를 통해 성북구 장위동 233-552번지 일대 장위14 재정비촉진구역에 대한 촉진계획 변경(안)을 '수정가결'했다고 밝혔다 ...,2022.04.10,성북구,장위동
133,﻿송재혁 서울시의원 제안한 '재건축 안전진단서 배관 노후도 평가 제외' 인수위에 건의,"송재혁 서울시의원이 제안한 '재건축 안전진단에서 배관 노후도 평가 제외'가 대통령직 인수위원회에 건의됐다. 송재혁 의원(더불어민주당, 노원6)은  ...",2022.04.04,노원구,전체
134,재건축 최대어 '둔촌주공' 공사 중단 위기 ,서울 강동구 둔촌주공 재건축사업이 중단될 위기에 처했다.  시공사인 현대건설·HDC현대산업개발·롯데건설·대우건설(현대건설 컨소시엄) 등은 강동 ...,2022.03.16,강동구,전체
135,"강동구 명일동 ‘삼익맨숀’, 합리적 재건축 위한 설명회 개최",서울 강동구 명일동 삼익맨숀(가든)이파트 재건축과 관련한 ‘빠르고 합리적인 재건축을 위한 주민 설명회’가 3일 오후 강동구청 구민회관에서 개최됐 ...,2022.03.04,강동구,명일동
136,"HDC현대산업개발, 월계동신아파트 재건축사업 수주 ",서울시 노원구 월계동신 아파트 주택재건축정비사업 시공사로 HDC현대산업개발이 선정됐다. HDC현산은 지난 2월 27일 열린 시공자 선정총회에서 조합원 ...,2022.03.02,노원구,월계동
137,강동구 명일동 삼익맨숀 분리 재건축 ‘이상동몽’ 솔로몬의 지혜는?,"[취재 인터넷언론인연대 취재본부 편집 김아름내 기자] “토지분할 소송으로 5동을 제척하고, 이후 (5동이 재건축에) 함께 한다면 받아준다는 개념이다 ...",2022.03.01,강동구,명일동
138,서울 강동 명일동 ‘삼익가든’ 분리 재건축 가능할까,서울 강동구 명일동 삼익맨숀(가든)아파트가 재건축 사업 추진에 있어이견을 좁히지 못하고 있다. 지난해 2월 조합설립 동의율을 얻으며 재건축 사업이 ...,2022.02.24,강동구,명일동
